at_over_gc	at_over_gc_1	at_over_gc_2	at_over_gc_3	NbrSites	NbrTaxa	site_diversity_aa	diversity_aa	name	lambda_obs_MG	lambda_MG	AIC_MG	w_MG	lambda_obs_MF	lambda_MF	AIC_MF	w_MF	w_WS_MF	w_WW_MF	w_SS_MF	w_SW_MF	lambda_obs_GTR	lambda_GTR	AIC_GTR
1.096734895461779	1.0022015347842497	1.4398965715380196	0.9175197205997471	5300	25	1.081801148802635	16.95377056295909	Catarrhini	1.1099191739050949	1.1776055375346552	67596.1350037956	0.3286853652062033	1.1154833109616604	1.0373632260357049	67192.6810151874	0.3350484786059417	0.3042130505564932	0.3650594126946721	0.32413058133279454	0.369955040426731	0.8864744885313953	0.9314352066216496	23651.8163543056
