at_over_gc	at_over_gc_1	at_over_gc_2	at_over_gc_3	NbrSites	NbrTaxa	site_diversity_aa	diversity_aa	name	w_MG	lambda_obs_MG	lambda_MG	w_MF	w_WSMF	w_WWMF	w_SSMF	w_SWMF	lambda_obs_MF	lambda_MF	w_GTR	w_WSGTR	w_WWGTR	w_SSGTR	w_SWGTR	lambda_obs_GTR	lambda_GTR
1.096734895461779	1.0022015347842497	1.4398965715380196	0.9175197205997471	5300	25	1.081801148802635	16.95377056295909	Catarrhini	0.3286853652062033	1.1099191739050949	1.1776055375346552	0.3350484786059418	0.3042130505564933	0.3650594126946722	0.3241305813327945	0.36995504042673094	1.1154833109616609	1.0373632260357049	1.0	1.0	1.0	1.0	1.0	0.8864744885313953	0.9314352066216496
