at_over_gc	at_over_gc_1	at_over_gc_2	at_over_gc_3	NbrSites	NbrTaxa	site_diversity_aa	diversity_aa	name	lambda_obs_MG	lambda_MG	AIC_MG	LnL_MG	df_MG	w_MG	lambda_obs_MF	lambda_MF	AIC_MF	LnL_MF	df_MF	w_MF	w_WS_MF	w_WW_MF	w_SS_MF	w_SW_MF	lambda_obs_GTR	lambda_GTR	AIC_GTR	LnL_GTR	df_GTR
1.098479390239278	1.0090158799335385	1.44353930723889	0.9134887097192337	5300	15	1.1387249323832183	15.83680922419305	Platyrrhini	1.1191318254920228	1.1872450006502557	74113.4473012358	-37046.7236506179	10	0.3332646823329279	1.1273694139028607	1.0567938519264766	73625.5402611898	-36709.7701305949	103	0.3425818245078607	0.30246624453603116	0.44706834466232537	0.37308016904979174	0.3615059476754187	0.88102640630197	0.9258981267847602	24777.3222398766	-12379.6611199383	9
