at_over_gc	at_over_gc_1	at_over_gc_2	at_over_gc_3	NbrSites	NbrTaxa	site_diversity_aa	diversity_aa	name	w_MG	lambda_obs_MG	lambda_MG	w_MF	w_WSMF	w_WWMF	w_SSMF	w_SWMF	lambda_obs_MF	lambda_MF	w_GTR	w_WSGTR	w_WWGTR	w_SSGTR	w_SWGTR	lambda_obs_GTR	lambda_GTR
1.098479390239278	1.0090158799335385	1.44353930723889	0.9134887097192337	5300	15	1.1387249323832183	15.83680922419305	Platyrrhini	0.3328873066377057	1.1187959236548017	1.1869054717820628	0.3429311510961853	0.3019748170285706	0.45076645964013545	0.37507752875019634	0.3621014320626176	1.1264629693138044	1.0539892188671902	1.0	1.0	1.0	1.0	1.0	0.8812145963751462	0.9261147338641277
