at_over_gc	at_over_gc_1	at_over_gc_2	at_over_gc_3	NbrSites	NbrTaxa	site_diversity_aa	diversity_aa	name	lambda_obs_MG	lambda_MG	AIC_MG	w_MG	lambda_obs_MF	lambda_MF	AIC_MF	w_MF	w_WS_MF	w_WW_MF	w_SS_MF	w_SW_MF	lambda_obs_GTR	lambda_GTR	AIC_GTR
1.0973744760421809	1.0046956781815464	1.4412314338413745	0.9160388948676679	5300	40	1.1407494637339775	16.52871266932488	Simiiformes	1.135547576146256	1.2047802673049826	102845.485732424	0.3256899688426566	1.144683874463865	1.1068697661676101	102260.104437257	0.3318441900543898	0.30257385761494976	0.4118272771426027	0.34281062396991485	0.3469657621066882	0.9014730976389134	0.948026406175733	33359.2931894204
