at_over_gc	at_over_gc_1	at_over_gc_2	at_over_gc_3	NbrSites	NbrTaxa	site_diversity_aa	diversity_aa	name	w_MG	lambda_obs_MG	lambda_MG	w_MF	w_WSMF	w_WWMF	w_SSMF	w_SWMF	lambda_obs_MF	lambda_MF	w_GTR	w_WSGTR	w_WWGTR	w_SSGTR	w_SWGTR	lambda_obs_GTR	lambda_GTR
1.0973744760421809	1.0046956781815464	1.4412314338413745	0.9160388948676679	5300	40	1.1407494637339775	16.52871266932488	Simiiformes	0.3256899688426566	1.135547576146256	1.2047802673049826	0.3318441900543897	0.30257385761494976	0.41182727714260264	0.34281062396991485	0.3469657621066882	1.1446838744638645	1.1068697661676101	1.0	1.0	1.0	1.0	1.0	0.9014730976389134	0.948026406175733
