at_over_gc	at_over_gc_1	at_over_gc_2	at_over_gc_3	NbrSites	NbrTaxa	site_diversity_aa	diversity_aa	name	lambda_obs_MG	lambda_MG	AIC_MG	LnL_MG	df_MG	w_MG	lambda_obs_MF	lambda_MF	AIC_MF	LnL_MF	df_MF	w_MF	w_WS_MF	w_WW_MF	w_SS_MF	w_SW_MF	lambda_obs_GTR	lambda_GTR	AIC_GTR	LnL_GTR	df_GTR
2.0282525397007696	1.3033544575213227	2.540650406504065	2.6484773010302276	4877	22	1.3147544401070306	13.563105875859959	OrthoMamPrimatesHighAT	1.933839825242897	2.0731083167335393	106128.5366143826	-53054.2683071913	10	0.5255898764441097	1.9365507745093946	2.418827649809978	104601.5849303006	-52197.7924651503	103	0.5246673577444411	0.5941993882710437	0.4585894015095787	0.5003985785357198	0.48730521007198574	2.208311401424936	2.3643421955166963	19040.75623296664	-9511.37811648332	9
