at_over_gc	at_over_gc_1	at_over_gc_2	at_over_gc_3	NbrSites	NbrTaxa	site_diversity_aa	diversity_aa	name	lambda_obs_MG	lambda_MG	AIC_MG	w_MG	lambda_obs_MF	lambda_MF	AIC_MF	w_MF	w_WS_MF	w_WW_MF	w_SS_MF	w_SW_MF	lambda_obs_GTR	lambda_GTR	AIC_GTR
2.0282525397007696	1.3033544575213227	2.540650406504065	2.6484773010302276	4877	22	1.3147544401070306	13.563105875859959	OrthoMamPrimatesHighAT	1.9338342011272904	2.073144414339257	106252.0767576074	0.5256609352437666	1.934262185959404	2.414246124350873	104721.3597869358	0.5275813517535843	0.5974881977779469	0.4628344135613535	0.5027585027586309	0.48969691573310337	2.2137460212014646	2.370216963436848	19113.17172074978
