at_over_gc	at_over_gc_1	at_over_gc_2	at_over_gc_3	NbrSites	NbrTaxa	site_diversity_aa	diversity_aa	name	lambda_obs_MG	lambda_MG	AIC_MG	LnL_MG	df_MG	w_MG	lambda_obs_MF	lambda_MF	AIC_MF	LnL_MF	df_MF	w_MF	w_WS_MF	w_WW_MF	w_SS_MF	w_SW_MF	lambda_obs_GTR	lambda_GTR	AIC_GTR	LnL_GTR	df_GTR
0.32096837461976274	0.309387036425663	0.5953875033521051	0.13567992670077117	4811	22	1.4260921125436787	6.129577931119093	OrthoMamPrimatesHighGC	0.32893736484862474	0.34027913368145085	81779.6841441506	-40879.8420720753	10	0.1494024112837711	0.3543857652870579	0.1776761719077636	79923.262211439	-39858.6311057195	103	0.11902755229774836	0.07148617875193851	0.0956878904508946	0.2367794094525133	0.1931632953364791	0.15205787315041017	0.15503323080300446	27832.4602219472	-13907.2301109736	9
