at_over_gc	at_over_gc_1	at_over_gc_2	at_over_gc_3	NbrSites	NbrTaxa	site_diversity_aa	diversity_aa	name	lambda_obs_MG	lambda_MG	AIC_MG	w_MG	lambda_obs_MF	lambda_MF	AIC_MF	w_MF	w_WS_MF	w_WW_MF	w_SS_MF	w_SW_MF	lambda_obs_GTR	lambda_GTR	AIC_GTR
1.097739696816966	1.0075162852847837	1.4389155567574876	0.9158436869491345	5300	7	1.0553325629111268	17.316592008160473	Hominoidea	1.0953470678106974	1.1621039396654969	51160.746069659	0.3677325586192706	1.0975294949618648	0.9934565987004321	50790.8793572234	0.37769053485808224	0.32338030917399024	0.4590315319090221	0.45290623950847575	0.4085952461126982	0.866502546282234	0.9095315222224659	17584.56536944402
