at_over_gc	at_over_gc_1	at_over_gc_2	at_over_gc_3	NbrSites	NbrTaxa	site_diversity_aa	diversity_aa	name	w_MG	lambda_obs_MG	lambda_MG	w_MF	w_WSMF	w_WWMF	w_SSMF	w_SWMF	lambda_obs_MF	lambda_MF	w_GTR	w_WSGTR	w_WWGTR	w_SSGTR	w_SWGTR	lambda_obs_GTR	lambda_GTR
1.097739696816966	1.0075162852847837	1.4389155567574876	0.9158436869491345	5300	7	1.0553325629111268	17.316592008160473	Hominoidea	0.3677325586192706	1.0953470678106974	1.1621039396654969	0.37769053485808224	0.32338030917399024	0.4590315319090221	0.45290623950847575	0.4085952461126982	1.0975294949618648	0.9934565987004321	1.0	1.0	1.0	1.0	1.0	0.866502546282234	0.9095315222224659
