at_over_gc	at_over_gc_1	at_over_gc_2	at_over_gc_3	NbrSites	NbrTaxa	site_diversity_aa	diversity_aa	name	lambda_obs_MG	lambda_MG	AIC_MG	LnL_MG	df_MG	w_MG	lambda_obs_MF	lambda_MF	AIC_MF	LnL_MF	df_MF	w_MF	w_WS_MF	w_WW_MF	w_SS_MF	w_SW_MF	lambda_obs_GTR	lambda_GTR	AIC_GTR	LnL_GTR	df_GTR
1.1543933858873294	1.057237279966952	1.2209008473316485	1.1922766514221428	498	180	1.0958760708552848	17.71018860617974	np	1.3539277054075565	1.4472747860527682	19825.06163023442	-9902.53081511721	10	0.113792008550513	1.2447444168190047	1.7484445747964554	19659.86453264396	-9726.93226632198	103	0.11608596347896989	0.14143396865441932	0.1010558715952283	1.0028283392928279	0.09247547053479681	1.3648416567994597	1.4546256010112437	9686.72380002238	-4834.36190001119	9
