at_over_gc	at_over_gc_1	at_over_gc_2	at_over_gc_3	NbrSites	NbrTaxa	site_diversity_aa	diversity_aa	name	lambda_obs_MG	lambda_MG	AIC_MG	w_MG	lambda_obs_MF	lambda_MF	AIC_MF	w_MF	w_WS_MF	w_WW_MF	w_SS_MF	w_SW_MF	lambda_obs_GTR	lambda_GTR	AIC_GTR
1.1543933858873294	1.057237279966952	1.2209008473316485	1.1922766514221428	498	180	1.0958760708552848	17.71018860617974	np	1.3528107079263996	1.4461032962841616	19826.08277926256	0.1138417758152648	1.2410545935177704	1.7454152170011552	19660.30173944476	0.11562485889744792	0.14114015739280442	0.10026242810895761	1.0028841171679654	0.09200463632247836	1.3699183762934943	1.4592804469341218	9847.83509405024
