at_over_gc	at_over_gc_1	at_over_gc_2	at_over_gc_3	NbrSites	NbrTaxa	site_diversity_aa	diversity_aa	name	lambda_obs_MG	lambda_MG	AIC_MG	LnL_MG	df_MG	w_MG	lambda_obs_MF	lambda_MF	AIC_MF	LnL_MF	df_MF	w_MF	w_WS_MF	w_WW_MF	w_SS_MF	w_SW_MF	lambda_obs_GTR	lambda_GTR	AIC_GTR	LnL_GTR	df_GTR
0.7916098500040106	0.5833274261005175	1.1772102544107612	0.7135404679708477	263	85	1.3650961512366249	16.690840739135133	lactamase	0.807562673492915	0.8528211182157035	7631.48778427222	-3805.74389213611	10	0.3316267117402716	0.8306084778828258	0.6900626213532097	7593.86641136704	-3693.93320568352	103	0.3359929286007181	0.29730837501032814	0.3462848415727535	0.2897926342558555	0.4119445334999333	0.6866708193792672	0.7186565873727726	1189.880175979102	-585.940087989551	9
