at_over_gc	at_over_gc_1	at_over_gc_2	at_over_gc_3	NbrSites	NbrTaxa	site_diversity_aa	diversity_aa	name	w_MG	lambda_obs_MG	lambda_MG	w_MF	w_WSMF	w_WWMF	w_SSMF	w_SWMF	lambda_obs_MF	lambda_MF	w_GTR	w_WSGTR	w_WWGTR	w_SSGTR	w_SWGTR	lambda_obs_GTR	lambda_GTR
0.7916098500040106	0.5833274261005175	1.1772102544107612	0.7135404679708477	263	85	1.3650961512366249	16.690840739135133	lactamase	0.3314662951629893	0.810373194481497	0.8559081643163173	0.33598109710363205	0.2954764423968992	0.3514280355442387	0.29333144014690765	0.4120634891530811	0.8321195284226008	0.6888284322222737	1.0	1.0	1.0	1.0	1.0	0.6894077955978059	0.7213509253490803
