at_over_gc	at_over_gc_1	at_over_gc_2	at_over_gc_3	NbrSites	NbrTaxa	site_diversity_aa	diversity_aa	name	w_MG	lambda_obs_MG	lambda_MG	w_MF	w_WSMF	w_WWMF	w_SSMF	w_SWMF	lambda_obs_MF	lambda_MF	w_GTR	w_WSGTR	w_WWGTR	w_SSGTR	w_SWGTR	lambda_obs_GTR	lambda_GTR
1.0963381402896422	1.0001095746312814	1.440284347523985	0.9181829642391898	5300	18	1.0677943818353028	16.813551135987606	Cercopithecoidea	0.3154697301170406	1.1083012416296845	1.1758536783410425	0.31783442857758526	0.29189166203242733	0.36789711275868553	0.2534469242255255	0.36328774437050987	1.1118829016223104	1.0211350242189394	1.0	1.0	1.0	1.0	1.0	0.8940326896149213	0.9392055001663315
