at_over_gc	at_over_gc_1	at_over_gc_2	at_over_gc_3	NbrSites	NbrTaxa	site_diversity_aa	diversity_aa	name	lambda_obs_MG	lambda_MG	AIC_MG	w_MG	lambda_obs_MF	lambda_MF	AIC_MF	w_MF	w_WS_MF	w_WW_MF	w_SS_MF	w_SW_MF	lambda_obs_GTR	lambda_GTR	AIC_GTR
1.0963381402896422	1.0001095746312814	1.440284347523985	0.9181829642391898	5300	18	1.0677943818353028	16.813551135987606	Cercopithecoidea	1.1083012416296845	1.1758536783410425	57571.584190329	0.3154697301170406	1.1118829016223104	1.0211350242189394	57211.9776484506	0.31783442857758526	0.29189166203242733	0.36789711275868553	0.2534469242255255	0.36328774437050987	0.8940326896149213	0.9392055001663315	20246.6428792456
