at_over_gc	at_over_gc_1	at_over_gc_2	at_over_gc_3	NbrSites	NbrTaxa	site_diversity_aa	diversity_aa	name	lambda_obs_MG	lambda_MG	AIC_MG	w_MG	lambda_obs_MF	lambda_MF	AIC_MF	w_MF	w_WS_MF	w_WW_MF	w_SS_MF	w_SW_MF	lambda_obs_GTR	lambda_GTR	AIC_GTR
1.07547915674306	0.9964772260104053	1.4260416666666667	0.8783558612599642	5300	61	1.280226487914897	14.152475401825185	Primates	1.0732137787878313	1.137476905018214	174908.0641883852	0.271478912856751	1.1000759228996764	1.022099797745449	173814.6604715486	0.27254321960418126	0.2541334660060711	0.27824604685352927	0.23572002586967847	0.3076214209303884	0.7815345522454774	0.821545964423299	51702.2732424182
